[{"id":"918798308154@s.whatsapp.net","balance":32559},{"id":"918016060782@s.whatsapp.net","balance":8360},{"id":"919087586674@s.whatsapp.net","balance":3804},{"id":"916909137213@s.whatsapp.net","balance":1203},{"id":"919154556777@s.whatsapp.net","balance":107},{"id":"918972265171@s.whatsapp.net","balance":1902},{"id":"919696540731@s.whatsapp.net","balance":3524},{"id":"917256986832@s.whatsapp.net","balance":5203},{"id":"917439380609@s.whatsapp.net","balance":4525},{"id":"919861535140@s.whatsapp.net","balance":6164},{"id":"919330019778@s.whatsapp.net","balance":780},{"id":"18258000787@s.whatsapp.net","balance":28},{"id":"919529701554@s.whatsapp.net","balance":430}]